{
	"pages": [ //pages数组中第一项表示应用启动页，参考：https://uniapp.dcloud.io/collocation/pages
		{
			"path": "pages/index/index",
			"style": {
				"navigationBarTitleText": "AD组件示例",
				"app-plus": {
					"bounce": "none"
				}
			}
		},{
			"path": "pages/index/page1",
			"style": {
				"app-plus": {
					"bounce": "none"
				}
			}
		},{
			"path": "pages/index/page2",
			"style": {
			}
		},{
			"path": "pages/index/page3",
			"style": {
			}
		},{
			"path": "pages/index/page4",
			"style": {
			}
		},{
			"path": "pages/index/page5",
			"style": {
				"navigationBarTitleText": "Page-5"
			}
		}
	],
	"globalStyle": {
		"navigationStyle": "custom"
	}
}
